{"pair_id": 123456, "filepath": "data/DDM_pair123456_1_titration2022_May_14_1358.csv", "threshold": 0.121, "chamber": "1", "drift_rate": 3.745233412, "bound": 0.9373425132}
