{"pair_id": 123456, "filepath": "data/DDM_pair123456_2_titration2022_May_14_1443.csv", "threshold": 0.175, "chamber": "2", "drift_rate": 3.739489056679711, "bound": 0.7344580021368389}
